piscine,jacuzzi,spa,plongeoir,toboggan,eau,baignade,nageur,solarium,transat
marteau,visseuse,clou,perceuse,tournevis,scie,étau,bois,mètre,ponceuse
four,casserole,poêle,louche,spatule,marmite,grille-pain,planche,couteau,évier
montagne,neige,refuge,randonnée,altitude,alpinisme,piolet,ski,remontée,glacier
ordinateur,clavier,souris,écran,bureau,chaise,prise,lampe,USB,serveur
jardin,pelouse,fleurs,arrosoir,graines,potager,arbre,tondeuse,serre,pelle
email,navigateur,serveur,site,motdepasse,connexion,réseau,cloud,proxy,domaine
lit,matelas,couette,oreiller,armoire,lampe,rideau,tapis,tête,tabledechevet
voiture,moto,vélo,camion,bus,métro,train,trottinette,feu,parking
guitare,piano,batterie,violon,saxophone,chant,partition,ampli,orchestre,studio
football,tennis,handball,rugby,basket,athlétisme,natation,volley,cricket,golf
plage,sable,crème,serviette,parasol,vague,coquillage,bronzage,baignade,ponton
gants,écharpe,bonnet,manteau,neige,bottes,luge,flocon,gel,cheminée
ordinateur,processeur,cartegraphique,mémoire,SSD,USB,écran,ventilateur,boîtier,clavier
professeur,élève,cahier,tableau,stylo,cartable,examen,leçon,salle,cloche
docteur,infirmier,scalpel,ordonnance,pilule,hôpital,radio,brancard,seringue,diagnostic
smartphone,chargeur,écran,coque,bluetooth,application,notification,wifi,caméra,écouteurs
panier,rayon,caddie,étiquette,prix,produit,caisse,promo,stock,codebarre
café,thé,tasse,infusion,expresso,lait,mug,sucre,cuillère,filtre
tente,réchaud,sac de couchage,boussole,feu,lac,forêt,lampe,matelas,carte